No,Date,Ticker,Reference,Open_price,Close_price,Highest_price,Lowest_price,Average,Change,Change_percent,Matched_volume,Matched_value,Negotiated_volume,Negotiated_value,Total_volume,Total_value,Market_cap
1,28/08/2026,TCX,"40,800","40,800","40,800","41,450","40,450","40,865",0,0.00,1.65,67.38,0.00,0.00,1.65,67.38,"113,197.70"
2,27/08/2026,TCX,"41,750","41,650","40,800","42,050","40,800","41,244",-950,-2.28,2.05,84.61,0.00,0.00,2.05,84.61,"113,197.70"
3,26/08/2026,TCX,"40,300","40,400","41,750","42,500","40,100","41,269","1,450",3.60,3.63,150.11,0.00,0.00,3.63,150.11,"115,833.43"
4,25/08/2026,TCX,"40,800","40,800","40,300","41,050","40,100","40,501",-500,-1.23,2.03,82.12,0.00,0.00,2.03,82.12,"111,810.47"
5,24/08/2026,TCX,"41,000","41,400","40,800","41,550","40,750","41,115",-200,-0.49,1.80,74.08,0.40,16.50,2.20,90.58,"113,197.70"
6,21/08/2026,TCX,"39,500","39,300","41,000","41,300","39,300","40,574","1,500",3.80,3.65,148.58,0.00,0.00,3.65,148.58,"113,752.59"
7,20/08/2026,TCX,"39,450","39,900","39,500","40,000","39,500","39,704",50,0.13,0.64,25.60,0.00,0.00,0.64,25.60,"109,590.91"
8,19/08/2026,TCX,"39,800","39,750","39,450","39,850","39,200","39,460",-350,-0.88,0.70,27.78,0.00,0.00,0.70,27.78,"109,452.18"
9,18/08/2026,TCX,"39,200","39,400","39,800","40,200","39,250","39,735",600,1.53,1.35,53.70,0.37,14.76,1.72,68.46,"110,423.24"
10,17/08/2026,TCX,"39,150","39,150","39,200","39,500","38,800","39,099",50,0.13,0.95,37.16,0.00,0.00,0.95,37.16,"108,758.57"
11,14/08/2026,TCX,"40,000","39,800","39,150","40,000","39,000","39,478",-850,-2.13,1.58,62.50,0.37,14.84,1.95,77.34,"108,619.85"
12,13/08/2026,TCX,"40,500","40,800","40,000","40,800","40,000","40,474",-500,-1.23,1.89,76.38,0.00,0.00,1.89,76.38,"110,978.13"
13,12/08/2026,TCX,"40,800","40,800","40,500","41,000","40,300","40,770",-300,-0.74,1.38,56.40,0.37,14.54,1.75,70.94,"112,365.36"
14,11/08/2026,TCX,"40,000","40,050","40,800","40,900","39,900","40,631",800,2.00,2.64,107.26,0.16,6.43,2.80,113.69,"113,197.70"
15,10/08/2026,TCX,"39,300","39,600","40,000","40,350","39,400","39,930",700,1.78,1.76,70.16,0.37,14.62,2.13,84.78,"110,978.13"
16,07/08/2026,TCX,"39,400","39,400","39,300","40,000","39,250","39,420",-100,-0.25,1.35,53.11,1.00,38.50,2.35,91.61,"109,036.02"
17,06/08/2026,TCX,"39,600","39,600","39,400","39,900","39,250","39,507",-200,-0.51,1.09,43.05,0.00,0.00,1.09,43.05,"109,313.46"
18,05/08/2026,TCX,"40,650","40,950","39,600","40,950","39,600","40,179","-1,050",-2.58,2.46,98.94,0.77,31.13,3.23,130.07,"109,868.35"
19,04/08/2026,TCX,"40,900","41,000","40,650","41,000","39,800","40,274",-250,-0.61,1.25,50.48,0.53,21.89,1.79,72.37,"112,781.53"
20,03/08/2026,TCX,"41,000","40,600","40,900","41,400","40,600","40,931",-100,-0.24,2.21,90.58,0.37,15.21,2.58,105.79,"113,475.14"
21,31/07/2026,TCX,"40,600","40,950","41,000","41,000","40,200","40,656",400,0.99,2.28,92.88,0.02,0.76,2.30,93.63,"113,752.59"
22,30/07/2026,TCX,"38,650","38,550","40,600","41,000","38,550","40,274","1,950",5.05,1.92,77.53,0.00,0.00,1.92,77.53,"112,642.80"
23,29/07/2026,TCX,"38,100","38,250","38,650","38,700","38,000","38,312",550,1.44,0.69,26.55,0.00,0.00,0.69,26.55,"107,232.62"
24,28/07/2026,TCX,"37,500","37,200","38,100","38,900","36,500","37,806",600,1.60,1.90,71.93,0.00,0.00,1.90,71.93,"105,685.47"
25,27/07/2026,TCX,"39,200","39,500","37,500","39,950","37,500","38,847","-1,700",-4.34,1.03,39.86,0.00,0.00,1.03,39.86,"104,021.13"
26,24/07/2026,TCX,"41,100","40,050","39,200","40,550","39,200","39,798","-1,900",-4.62,1.01,40.11,0.00,0.00,1.01,40.11,"108,736.75"
27,23/07/2026,TCX,"40,550","40,600","41,100","41,450","39,350","40,264",550,1.36,1.75,70.73,0.00,0.00,1.75,70.73,"114,007.16"
28,22/07/2026,TCX,"41,400","41,400","40,550","41,700","40,400","40,887",-850,-2.05,1.50,61.20,0.00,0.00,1.50,61.20,"112,481.52"
29,21/07/2026,TCX,"41,800","41,100","41,400","41,950","40,800","41,265",-400,-0.96,1.34,55.46,0.00,0.00,1.34,55.46,"114,839.33"
30,20/07/2026,TCX,"43,100","43,000","41,800","43,100","40,850","41,709","-1,300",-3.02,1.81,75.20,0.00,0.00,1.81,75.20,"115,948.89"
31,17/07/2026,TCX,"43,500","43,450","43,100","43,500","42,800","43,120",-400,-0.92,0.96,41.34,0.00,0.00,0.96,41.34,"119,554.95"
32,16/07/2026,TCX,"42,800","42,500","43,500","43,500","41,650","42,666",700,1.64,2.86,122.39,0.00,0.00,2.86,122.39,"120,664.51"
33,15/07/2026,TCX,"41,950","41,950","42,800","42,950","41,700","42,372",850,2.03,2.22,94.21,0.00,0.00,2.22,94.21,"118,722.78"
34,14/07/2026,TCX,"41,750","41,100","41,950","41,950","40,650","41,485",200,0.48,1.10,45.38,0.00,0.00,1.10,45.38,"116,364.97"
35,13/07/2026,TCX,"42,200","41,900","41,750","41,900","40,300","41,046",-450,-1.07,3.07,126.15,0.00,0.00,3.07,126.15,"115,810.19"
36,10/07/2026,TCX,"43,650","43,650","42,200","43,650","42,200","42,647","-1,450",-3.32,2.11,90.08,0.34,14.96,2.45,105.04,"117,058.45"
37,09/07/2026,TCX,"44,300","44,000","43,650","44,300","43,300","43,595",-650,-1.47,1.59,69.23,0.00,0.00,1.59,69.23,"121,080.60"
38,08/07/2026,TCX,"44,750","44,900","44,300","45,200","44,300","44,777",-450,-1.01,1.69,75.77,0.40,17.60,2.09,93.37,"122,883.63"
39,07/07/2026,TCX,"43,500","43,700","44,750","44,850","43,000","43,741","1,250",2.87,2.16,94.92,0.00,0.00,2.16,94.92,"124,131.88"
40,06/07/2026,TCX,"45,000","44,800","43,500","44,950","42,100","43,973","-1,500",-3.33,2.99,131.23,0.00,0.00,2.99,131.23,"120,664.51"
41,03/07/2026,TCX,"45,000","45,000","45,000","45,900","44,700","45,132",0,0.00,1.78,80.43,0.00,0.00,1.78,80.43,"124,825.36"
42,02/07/2026,TCX,"44,850","45,000","45,000","46,200","44,800","45,285",150,0.33,2.70,122.22,0.00,0.00,2.70,122.22,"124,825.36"
43,01/07/2026,TCX,"44,400","44,400","44,850","45,150","44,200","44,853",450,1.01,1.32,59.37,0.00,0.00,1.32,59.37,"124,409.27"
44,30/06/2026,TCX,"44,400","44,150","44,400","45,500","44,100","44,825",0,0.00,1.56,69.83,0.00,0.00,1.56,69.83,"123,161.02"
45,29/06/2026,TCX,"45,000","44,750","44,400","45,100","43,700","44,370",-600,-1.33,1.67,74.38,0.00,0.00,1.67,74.38,"123,161.02"
46,26/06/2026,TCX,"45,000","45,250","45,000","45,250","43,900","44,510",0,0.00,2.10,93.59,0.00,0.00,2.10,93.59,"104,021.26"
47,25/06/2026,TCX,"44,300","44,500","45,000","46,300","44,300","45,274",700,1.58,2.80,126.82,0.00,0.00,2.80,126.82,"104,021.26"
48,24/06/2026,TCX,"43,400","43,950","44,300","44,750","43,400","44,050",900,2.07,2.29,100.96,0.00,0.00,2.29,100.96,"102,403.15"
49,23/06/2026,TCX,"43,150","43,200","43,400","46,000","43,050","44,649",250,0.58,4.93,220.01,0.00,0.00,4.93,220.01,"100,322.72"
50,22/06/2026,TCX,"42,950","42,850","43,150","43,300","42,200","42,860",200,0.47,0.98,42.09,0.00,0.00,0.98,42.09,"99,744.83"
51,19/06/2026,TCX,"42,050","42,000","42,950","43,400","41,900","42,570",900,2.14,2.36,100.69,0.65,28.05,3.01,128.74,"99,282.51"
52,18/06/2026,TCX,"43,000","42,650","42,050","43,500","42,050","42,675",-950,-2.21,1.58,67.15,0.00,0.00,1.58,67.15,"97,202.09"
53,17/06/2026,TCX,"43,500","43,000","43,000","43,800","42,400","42,914",-500,-1.15,2.06,88.36,0.00,0.00,2.06,88.36,"99,398.09"
54,16/06/2026,TCX,"40,750","41,100","43,500","43,600","40,800","42,618","2,750",6.75,4.41,188.35,0.00,0.00,4.41,188.35,"100,553.88"
55,15/06/2026,TCX,"38,100","38,900","40,750","40,750","38,550","39,798","2,650",6.96,1.98,79.25,0.00,0.00,1.98,79.25,"94,197.03"
56,12/06/2026,TCX,"38,400","38,850","38,100","38,850","38,100","38,331",-300,-0.78,0.85,32.64,0.00,0.00,0.85,32.64,"88,071.33"
57,11/06/2026,TCX,"38,400","38,400","38,400","39,200","38,200","38,609",0,0.00,0.36,13.80,0.00,0.00,0.36,13.80,"88,764.81"
58,10/06/2026,TCX,"38,500","38,700","38,400","39,000","38,050","38,432",-100,-0.26,0.63,24.35,0.00,0.00,0.63,24.35,"88,764.81"
59,09/06/2026,TCX,"39,000","39,300","38,500","39,450","38,000","38,513",-500,-1.28,0.87,33.60,0.00,0.00,0.87,33.60,"88,995.96"
60,08/06/2026,TCX,"39,800","39,500","39,000","39,700","38,500","38,932",-800,-2.01,1.28,49.96,0.00,0.00,1.28,49.96,"90,151.76"
61,05/06/2026,TCX,"40,300","40,000","39,800","40,500","39,800","39,986",-500,-1.24,0.68,27.24,0.00,0.00,0.68,27.24,"92,001.02"
62,04/06/2026,TCX,"40,300","40,000","40,300","40,900","39,850","40,078",0,0.00,0.64,25.55,0.20,8.01,0.84,33.56,"93,156.81"
63,03/06/2026,TCX,"40,300","40,000","40,300","41,000","39,700","40,292",0,0.00,1.01,40.61,0.00,0.00,1.01,40.61,"93,156.81"
64,02/06/2026,TCX,"41,500","41,250","40,300","41,400","40,100","40,692","-1,200",-2.89,2.15,87.56,0.00,0.00,2.15,87.56,"93,156.81"
65,01/06/2026,TCX,"42,000","41,900","41,500","41,950","41,250","41,526",-500,-1.19,1.07,44.28,0.00,0.00,1.07,44.28,"95,930.72"
66,29/05/2026,TCX,"41,800","41,800","42,000","42,450","41,750","42,101",200,0.48,0.70,29.65,0.00,0.00,0.70,29.65,"97,086.51"
67,28/05/2026,TCX,"43,000","42,900","41,800","43,300","41,800","42,204","-1,200",-2.79,1.54,65.15,0.00,0.00,1.54,65.15,"96,624.19"
68,27/05/2026,TCX,"43,350","43,800","43,000","43,800","42,900","43,354",-350,-0.81,0.81,34.95,0.57,24.39,1.38,59.34,"99,398.09"
69,26/05/2026,TCX,"43,400","43,500","43,350","43,500","42,700","43,185",-50,-0.12,1.22,52.63,0.00,0.00,1.22,52.63,"100,207.14"
70,25/05/2026,TCX,"42,500","43,050","43,400","43,700","42,500","43,174",900,2.12,1.62,70.05,0.57,24.40,2.19,94.45,"100,322.72"
71,22/05/2026,TCX,"50,200","50,000","51,000","51,700","50,000","50,949",800,1.59,2.74,139.58,0.42,21.43,3.16,161.01,"117,890.76"
72,21/05/2026,TCX,"50,200","50,600","50,200","51,000","50,000","50,310",0,0.00,1.15,57.87,0.00,0.00,1.15,57.87,"116,041.49"
73,20/05/2026,TCX,"50,800","50,800","50,200","50,800","49,800","50,189",-600,-1.18,1.44,72.00,0.00,0.00,1.44,72.00,"116,041.49"
74,19/05/2026,TCX,"50,500","51,000","50,800","51,600","50,400","51,022",300,0.59,1.08,55.00,0.00,0.00,1.08,55.00,"117,428.44"
75,18/05/2026,TCX,"51,200","50,200","50,500","51,800","50,200","50,863",-700,-1.37,1.76,89.15,0.00,0.00,1.76,89.15,"116,734.97"
76,15/05/2026,TCX,"51,000","51,200","51,200","51,900","50,700","51,393",200,0.39,1.54,79.00,0.00,0.00,1.54,79.00,"118,353.07"
77,14/05/2026,TCX,"49,950","50,000","51,000","51,300","50,000","50,900","1,050",2.10,1.13,57.44,0.00,0.00,1.13,57.44,"117,890.76"
78,13/05/2026,TCX,"50,400","50,500","49,950","50,800","49,600","50,029",-450,-0.89,0.96,48.25,0.00,0.00,0.96,48.25,"115,463.60"
79,12/05/2026,TCX,"50,300","50,300","50,400","50,900","50,200","50,553",100,0.20,0.41,20.81,0.03,1.37,0.44,22.18,"116,503.81"
80,11/05/2026,TCX,"50,900","51,000","50,300","51,500","50,300","50,834",-600,-1.18,0.77,39.43,0.00,0.00,0.77,39.43,"116,272.65"
81,08/05/2026,TCX,"51,500","51,600","50,900","51,600","50,700","51,169",-600,-1.17,0.90,46.22,0.00,0.00,0.90,46.22,"117,659.60"
82,07/05/2026,TCX,"51,200","51,300","51,500","51,900","51,200","51,541",300,0.59,1.42,72.92,0.00,0.00,1.42,72.92,"119,046.55"
83,06/05/2026,TCX,"49,900","49,800","51,200","51,700","49,600","50,777","1,300",2.61,1.13,57.63,0.00,0.00,1.13,57.63,"118,353.07"
84,05/05/2026,TCX,"49,750","49,800","49,900","49,900","49,150","49,477",150,0.30,0.94,46.65,0.00,0.00,0.94,46.65,"115,348.02"
85,04/05/2026,TCX,"50,600","50,600","49,750","50,900","49,700","50,050",-850,-1.68,1.65,82.44,0.00,0.00,1.65,82.44,"115,001.28"
86,29/04/2026,TCX,"51,100","51,100","50,600","51,900","50,400","50,797",-500,-0.98,0.79,40.00,0.00,0.00,0.79,40.00,"116,966.12"
87,28/04/2026,TCX,"50,300","50,300","51,100","52,100","50,200","51,352",800,1.59,1.33,68.58,0.00,0.00,1.33,68.58,"118,121.92"
88,24/04/2026,TCX,"50,400","50,400","50,300","51,100","50,200","50,464",-100,-0.20,1.54,77.59,0.00,0.00,1.54,77.59,"116,272.65"
89,23/04/2026,TCX,"50,800","50,600","50,400","51,500","50,400","50,903",-400,-0.79,1.22,61.95,0.00,0.00,1.22,61.95,"116,503.81"
90,22/04/2026,TCX,"51,000","51,000","50,800","51,400","50,300","50,651",-200,-0.39,0.87,43.86,0.00,0.00,0.87,43.86,"117,428.44"
91,21/04/2026,TCX,"51,500","51,300","51,000","51,700","50,500","51,152",-500,-0.97,1.80,92.34,0.00,0.00,1.80,92.34,"117,890.76"
92,20/04/2026,TCX,"51,600","51,200","51,500","52,000","51,000","51,364",-100,-0.19,1.04,53.27,0.34,17.40,1.37,70.67,"119,046.55"
93,17/04/2026,TCX,"51,000","51,400","51,600","52,000","50,900","51,434",600,1.18,0.61,31.41,0.00,0.00,0.61,31.41,"119,277.71"
94,16/04/2026,TCX,"52,000","52,300","51,000","52,300","51,000","51,255","-1,000",-1.92,0.78,40.00,0.87,44.77,1.65,84.77,"117,890.76"
95,15/04/2026,TCX,"52,500","52,800","52,000","53,200","52,000","52,624",-500,-0.95,0.85,44.69,0.00,0.00,0.85,44.69,"120,202.34"
96,14/04/2026,TCX,"51,500","52,200","52,500","52,600","51,700","52,167","1,000",1.94,1.19,62.10,0.00,0.00,1.19,62.10,"121,358.13"
97,13/04/2026,TCX,"51,600","50,900","51,500","52,100","50,900","51,523",-100,-0.19,0.92,47.40,1.04,54.11,1.96,101.51,"119,046.55"
98,10/04/2026,TCX,"51,700","52,100","51,600","52,700","51,400","51,987",-100,-0.19,2.01,104.45,0.00,0.00,2.01,104.45,"119,277.71"
99,09/04/2026,TCX,"51,300","51,200","51,700","52,900","51,000","52,062",400,0.78,2.60,135.23,0.34,18.01,2.94,153.24,"119,508.87"
100,08/04/2026,TCX,"48,000","49,950","51,300","51,300","49,450","50,722","3,300",6.88,3.28,166.47,0.00,0.00,3.28,166.47,"118,584.23"
101,07/04/2026,TCX,"48,500","48,700","48,000","49,000","47,000","47,830",-500,-1.03,2.89,138.34,0.00,0.00,2.89,138.34,"110,956.01"
102,06/04/2026,TCX,"50,200","50,400","49,000","50,500","49,000","49,420","-1,200",-2.39,1.40,69.10,0.29,14.90,1.69,84.00,"113,267.59"
103,03/04/2026,TCX,"51,000","51,300","50,200","51,800","50,100","50,491",-800,-1.57,1.36,68.57,0.00,0.00,1.36,68.57,"116,041.49"
104,02/04/2026,TCX,"51,900","51,000","51,000","51,600","50,900","51,104",-900,-1.73,0.98,50.31,0.29,14.96,1.27,65.26,"117,890.76"
105,01/04/2026,TCX,"51,200","52,400","51,900","52,800","51,900","52,255",700,1.37,1.59,82.98,0.33,16.92,1.91,99.90,"119,971.18"
106,31/03/2026,TCX,"52,400","52,000","51,200","52,000","50,700","51,240","-1,200",-2.29,2.25,115.38,0.00,0.00,2.25,115.38,"118,353.07"
107,30/03/2026,TCX,"52,600","50,700","52,400","52,400","49,300","50,254",-200,-0.38,3.33,168.82,0.00,0.00,3.33,168.82,"121,126.98"
108,27/03/2026,TCX,"52,300","51,000","52,600","53,000","51,000","52,220",300,0.57,2.06,107.79,0.00,0.00,2.06,107.79,"121,589.29"
109,26/03/2026,TCX,"53,000","53,200","52,300","53,200","51,400","51,767",-700,-1.32,1.58,82.06,0.00,0.00,1.58,82.06,"120,895.82"
110,25/03/2026,TCX,"50,600","50,800","53,000","53,000","50,300","52,024","2,400",4.74,3.64,189.01,0.00,0.00,3.64,189.01,"122,499.33"
111,24/03/2026,TCX,"50,800","51,000","50,600","51,800","49,700","50,623",-200,-0.39,4.02,203.87,0.00,0.00,4.02,203.87,"116,952.19"
112,23/03/2026,TCX,"48,850","49,150","50,800","50,800","46,050","48,215","1,950",3.99,3.08,151.49,0.80,39.31,3.88,190.80,"117,414.45"
113,20/03/2026,TCX,"52,400","51,600","48,850","51,700","48,850","50,223","-3,550",-6.77,3.80,187.80,0.70,34.56,4.50,222.36,"112,907.40"
114,19/03/2026,TCX,"52,600","51,100","52,400","52,400","49,900","50,860",-200,-0.38,2.20,112.08,1.32,67.19,3.52,179.28,"121,112.54"
115,18/03/2026,TCX,"54,200","54,200","52,600","54,200","51,800","52,522","-1,600",-2.95,1.46,76.39,0.50,26.21,1.96,102.60,"121,574.80"
116,17/03/2026,TCX,"50,700","54,200","54,200","54,200","53,800","54,141","3,500",6.90,4.48,242.46,0.00,0.00,4.48,242.46,"125,272.89"
117,16/03/2026,TCX,"49,450","49,700","50,700","52,000","49,700","51,028","1,250",2.53,1.48,75.60,0.00,0.00,1.48,75.60,"117,183.32"
118,13/03/2026,TCX,"53,100","52,000","49,450","52,000","49,450","50,940","-3,650",-6.87,3.01,152.94,0.00,0.00,3.01,152.94,"114,294.18"
119,12/03/2026,TCX,"55,600","54,800","53,100","54,800","52,400","53,080","-2,500",-4.50,1.53,81.22,0.00,0.00,1.53,81.22,"122,730.46"
120,11/03/2026,TCX,"52,800","52,900","55,600","56,000","52,000","53,673","2,800",5.30,2.00,107.90,0.00,0.00,2.00,107.90,"128,508.73"
121,10/03/2026,TCX,"51,900","52,500","52,800","53,900","50,300","51,661",900,1.73,2.39,124.40,0.00,0.00,2.39,124.40,"122,037.06"
122,09/03/2026,TCX,"55,800","51,900","51,900","52,100","51,900","51,903","-3,900",-6.99,2.44,126.42,0.00,0.00,2.44,126.42,"119,956.89"
123,06/03/2026,TCX,"60,000","59,900","55,800","59,900","55,800","56,605","-4,200",-7.00,3.05,172.28,0.06,3.43,3.11,175.71,"128,970.99"
124,05/03/2026,TCX,"62,000","62,000","60,000","62,900","58,700","60,296","-2,000",-3.23,3.83,230.40,0.00,0.00,3.83,230.40,"138,678.48"
125,04/03/2026,TCX,"61,800","60,500","62,000","62,000","58,000","59,415",200,0.32,2.76,164.66,0.00,0.00,2.76,164.66,"143,301.10"
126,03/03/2026,TCX,"62,400","63,000","61,800","63,000","61,000","61,797",-600,-0.96,1.33,82.33,0.00,0.00,1.33,82.33,"142,838.84"
127,02/03/2026,TCX,"63,500","61,300","62,400","62,800","61,300","62,139","-1,100",-1.73,2.24,139.41,0.00,0.00,2.24,139.41,"144,225.62"
128,27/02/2026,TCX,"63,000","63,100","63,500","63,500","62,100","62,984",500,0.79,1.41,88.77,0.30,19.05,1.71,107.82,"146,768.06"
129,26/02/2026,TCX,"62,000","62,000","63,000","63,000","61,000","62,111","1,000",1.61,1.23,76.44,0.00,0.00,1.23,76.44,"145,612.41"
130,25/02/2026,TCX,"62,900","62,400","62,000","62,800","61,000","61,724",-900,-1.43,1.36,84.24,0.00,0.00,1.36,84.24,"143,301.10"
131,24/02/2026,TCX,"61,500","61,600","62,900","64,800","60,900","63,163","1,400",2.28,4.06,256.75,0.10,6.35,4.16,263.10,"145,381.27"
132,23/02/2026,TCX,"58,200","58,200","61,500","61,700","57,300","60,156","3,300",5.67,3.09,185.84,0.00,0.00,3.09,185.84,"142,145.44"
133,13/02/2026,TCX,"56,000","56,100","58,200","58,200","55,700","57,105","2,200",3.93,2.59,148.10,0.53,30.19,3.11,178.29,"134,518.13"
134,12/02/2026,TCX,"55,800","55,800","56,000","56,100","55,600","55,891",200,0.36,0.65,36.39,0.00,0.00,0.65,36.39,"129,433.25"
135,11/02/2026,TCX,"54,500","54,000","55,800","55,900","54,000","55,482","1,300",2.39,1.18,65.28,0.00,0.00,1.18,65.28,"128,970.99"
136,10/02/2026,TCX,"55,200","55,200","54,500","55,200","54,000","54,294",-700,-1.27,0.85,46.21,0.00,0.00,0.85,46.21,"125,966.29"
137,09/02/2026,TCX,"54,900","54,500","55,200","55,200","54,200","54,879",300,0.55,0.49,27.17,0.31,16.90,0.80,44.06,"127,584.20"
138,06/02/2026,TCX,"55,800","54,200","54,900","55,600","53,600","54,330",-900,-1.61,3.30,179.24,0.00,0.00,3.30,179.24,"126,890.81"
139,05/02/2026,TCX,"55,800","55,800","55,800","55,900","55,200","55,572",0,0.00,1.37,76.28,0.00,0.00,1.37,76.28,"128,970.99"
140,04/02/2026,TCX,"55,800","55,700","55,800","56,500","55,300","55,879",0,0.00,1.77,99.19,0.00,0.00,1.77,99.19,"128,970.99"
141,03/02/2026,TCX,"55,700","55,700","55,800","56,400","55,100","55,588",100,0.18,2.39,133.02,0.00,0.00,2.39,133.02,"128,970.99"
142,02/02/2026,TCX,"56,500","56,000","55,700","56,000","54,800","55,379",-800,-1.42,2.10,116.06,0.00,0.00,2.10,116.06,"128,739.86"
143,30/01/2026,TCX,"55,000","54,200","56,500","56,600","54,200","56,027","1,500",2.73,3.11,174.22,0.00,0.00,3.11,174.22,"130,588.90"
144,29/01/2026,TCX,"54,800","55,000","55,000","55,100","53,700","54,391",200,0.36,2.09,114.01,0.00,0.00,2.09,114.01,"127,121.94"
145,28/01/2026,TCX,"55,000","54,400","54,800","55,000","53,900","54,571",-200,-0.36,1.84,100.46,0.00,0.00,1.84,100.46,"126,659.68"
146,27/01/2026,TCX,"55,600","55,000","55,000","55,000","53,500","54,246",-600,-1.08,2.66,144.62,0.00,0.00,2.66,144.62,"127,121.94"
147,26/01/2026,TCX,"55,600","55,700","55,600","56,500","54,100","55,469",0,0.00,2.89,160.65,0.00,0.00,2.89,160.65,"128,508.73"
148,23/01/2026,TCX,"52,700","52,800","55,600","56,300","52,400","54,838","2,900",5.50,8.31,456.76,0.00,0.00,8.31,456.76,"128,508.73"
149,22/01/2026,TCX,"52,500","52,500","52,700","52,800","51,800","52,255",200,0.38,2.07,108.30,0.20,10.51,2.27,118.81,"121,805.93"
150,21/01/2026,TCX,"51,800","51,500","52,500","52,500","50,000","50,846",700,1.35,2.57,131.37,0.00,0.00,2.57,131.37,"121,343.67"
151,20/01/2026,TCX,"52,000","52,000","51,800","52,100","51,300","51,665",-200,-0.38,1.61,83.33,0.36,18.74,1.97,102.07,"119,725.76"
152,19/01/2026,TCX,"52,000","51,100","52,000","52,200","51,100","51,522",0,0.00,2.06,106.49,0.00,0.00,2.06,106.49,"120,188.02"
153,16/01/2026,TCX,"51,300","52,000","52,000","52,400","51,000","51,865",700,1.36,1.52,79.11,0.00,0.00,1.52,79.11,"120,188.02"
154,15/01/2026,TCX,"52,800","52,000","51,300","53,000","49,950","50,855","-1,500",-2.84,5.09,259.34,0.00,0.00,5.09,259.34,"118,570.10"
155,14/01/2026,TCX,"53,400","53,600","52,800","53,600","52,100","52,945",-600,-1.12,2.81,148.55,0.25,13.17,3.06,161.72,"122,037.06"
156,13/01/2026,TCX,"53,600","54,000","53,400","54,000","52,200","53,619",-200,-0.37,2.50,133.16,0.00,0.00,2.50,133.16,"123,423.85"
157,12/01/2026,TCX,"51,000","51,000","53,600","54,500","50,200","52,848","2,600",5.10,8.51,452.33,0.00,0.00,8.51,452.33,"123,886.11"
158,09/01/2026,TCX,"50,600","50,200","51,000","51,000","49,800","50,263",400,0.79,3.86,194.43,0.00,0.00,3.86,194.43,"117,876.71"
159,08/01/2026,TCX,"48,800","48,800","50,600","51,000","48,700","50,014","1,800",3.69,8.82,441.10,0.02,0.98,8.84,442.08,"116,952.19"
160,07/01/2026,TCX,"47,550","48,000","48,800","49,500","47,650","48,640","1,250",2.63,4.39,213.45,0.00,0.00,4.39,213.45,"112,791.83"
161,06/01/2026,TCX,"45,800","46,000","47,550","48,300","45,600","47,182","1,750",3.82,4.56,216.38,0.00,0.00,4.56,216.38,"109,902.70"
162,05/01/2026,TCX,"47,000","46,400","45,800","46,850","45,800","46,090","-1,200",-2.55,0.77,35.42,0.00,0.00,0.77,35.42,"105,857.91"
163,31/12/2025,TCX,"46,450","46,400","47,000","47,000","45,750","46,315",550,1.18,1.47,68.59,0.00,0.00,1.47,68.59,"108,631.48"
164,30/12/2025,TCX,"46,000","45,650","46,450","46,450","45,500","45,902",450,0.98,0.66,30.27,0.00,0.00,0.66,30.27,"107,360.26"
165,29/12/2025,TCX,"46,450","46,450","46,000","46,450","45,500","45,742",-450,-0.97,0.89,40.91,0.00,0.00,0.89,40.91,"106,320.17"
166,26/12/2025,TCX,"46,450","45,750","46,450","46,450","44,600","45,279",0,0.00,1.26,57.38,0.00,0.00,1.26,57.38,"107,360.26"
167,25/12/2025,TCX,"46,750","46,750","46,450","46,800","45,700","46,098",-300,-0.64,1.29,59.40,0.00,0.00,1.29,59.40,"107,360.26"
168,24/12/2025,TCX,"46,700","46,800","46,750","46,800","46,000","46,416",50,0.11,1.24,57.57,0.00,0.00,1.24,57.57,"108,053.65"
169,23/12/2025,TCX,"47,400","47,400","46,700","47,400","45,850","46,365",-700,-1.48,2.59,120.16,0.34,15.68,2.93,135.84,"107,938.08"
170,22/12/2025,TCX,"47,700","46,550","47,400","47,400","46,350","46,706",-300,-0.63,2.17,101.39,0.00,0.00,2.17,101.39,"109,556.00"
171,19/12/2025,TCX,"46,900","46,750","47,700","47,700","46,250","46,785",800,1.71,4.52,214.46,0.00,0.00,4.52,214.46,"110,249.39"
172,18/12/2025,TCX,"47,450","47,350","46,900","47,350","46,500","46,811",-550,-1.16,0.92,42.91,0.00,0.00,0.92,42.91,"108,400.35"
173,17/12/2025,TCX,"47,150","47,000","47,450","47,550","46,000","47,268",300,0.64,3.63,171.55,0.00,0.00,3.63,171.55,"109,671.57"
174,16/12/2025,TCX,"46,750","46,750","47,150","47,200","46,600","46,939",400,0.86,5.36,251.21,0.00,0.00,5.36,251.21,"108,978.17"
175,15/12/2025,TCX,"43,850","44,200","46,750","46,900","44,200","46,285","2,900",6.61,4.53,210.02,0.00,0.00,4.53,210.02,"108,053.65"
176,12/12/2025,TCX,"44,800","44,300","43,850","45,000","43,800","44,303",-950,-2.12,1.36,60.21,0.00,0.00,1.36,60.21,"101,350.86"
177,11/12/2025,TCX,"46,000","46,050","44,800","46,100","44,800","45,235","-1,200",-2.61,0.52,23.38,0.00,0.00,0.52,23.38,"103,546.60"
178,10/12/2025,TCX,"45,600","45,500","46,000","46,400","45,300","45,759",400,0.88,0.43,19.85,0.00,0.00,0.43,19.85,"106,320.17"
179,09/12/2025,TCX,"46,400","46,100","45,600","46,400","45,350","45,758",-800,-1.72,0.75,34.41,0.00,0.00,0.75,34.41,"105,395.65"
180,08/12/2025,TCX,"46,500","46,100","46,400","46,450","45,850","46,078",-100,-0.22,0.65,30.10,0.00,0.00,0.65,30.10,"107,244.69"
181,05/12/2025,TCX,"47,150","46,850","46,500","47,200","46,350","46,874",-650,-1.38,1.28,59.98,0.00,0.00,1.28,59.98,"107,475.82"
182,04/12/2025,TCX,"46,700","47,050","47,150","47,250","46,700","46,986",450,0.96,3.52,165.61,0.00,0.00,3.52,165.61,"108,978.17"
183,03/12/2025,TCX,"46,750","46,200","46,700","46,750","46,050","46,392",-50,-0.11,0.79,36.88,0.00,0.00,0.79,36.88,"107,938.08"
184,02/12/2025,TCX,"46,150","46,150","46,750","46,750","45,100","45,977",600,1.30,1.91,87.56,0.48,21.96,2.38,109.53,"108,053.65"
185,01/12/2025,TCX,"47,000","47,000","46,150","47,050","46,050","46,318",-850,-1.81,0.85,39.46,0.00,0.00,0.85,39.46,"106,666.87"
186,28/11/2025,TCX,"47,150","47,150","47,000","47,200","46,250","46,592",-150,-0.32,1.44,67.30,0.00,0.00,1.44,67.30,"108,631.48"
187,27/11/2025,TCX,"46,500","46,550","47,150","47,400","45,950","47,123",650,1.40,4.73,222.90,0.00,0.00,4.73,222.90,"108,978.17"
188,26/11/2025,TCX,"45,600","45,600","46,500","46,500","45,400","46,067",900,1.97,2.52,116.09,0.00,0.00,2.52,116.09,"107,475.82"
189,25/11/2025,TCX,"45,700","45,700","45,600","45,850","45,000","45,512",-100,-0.22,1.17,53.24,0.00,0.00,1.17,53.24,"105,395.65"
190,24/11/2025,TCX,"44,950","45,000","45,700","46,700","44,650","45,895",750,1.67,3.38,154.78,0.20,9.22,3.58,164.00,"105,626.78"
191,21/11/2025,TCX,"45,000","44,850","44,950","44,950","44,100","44,471",-50,-0.11,1.02,45.57,0.00,0.00,1.02,45.57,"103,893.30"
192,20/11/2025,TCX,"45,000","44,800","45,000","45,200","44,050","44,649",0,0.00,0.81,36.17,0.00,0.00,0.81,36.17,"104,008.86"
193,19/11/2025,TCX,"45,400","45,300","45,000","45,350","44,500","44,909",-400,-0.88,1.86,83.76,0.00,0.00,1.86,83.76,"104,008.86"
194,18/11/2025,TCX,"45,100","45,000","45,400","45,450","44,500","45,113",300,0.67,2.37,107.10,0.00,0.00,2.37,107.10,"104,933.38"
195,17/11/2025,TCX,"44,100","43,800","45,100","45,500","43,600","44,903","1,000",2.27,2.56,115.01,0.37,16.28,2.93,131.29,"104,239.99"
196,14/11/2025,TCX,"42,800","43,050","44,100","44,150","43,000","43,694","1,300",3.04,2.66,116.39,0.00,0.00,2.66,116.39,"101,928.68"
197,13/11/2025,TCX,"43,200","43,250","42,800","43,250","42,700","42,892",-400,-0.93,1.69,72.43,0.50,21.44,2.19,93.86,"98,923.98"
198,12/11/2025,TCX,"43,250","43,500","43,200","43,500","42,450","42,853",-50,-0.12,3.78,162.32,0.00,0.00,3.78,162.32,"99,848.51"
199,11/11/2025,TCX,"43,350","43,450","43,250","43,700","43,250","43,442",-100,-0.23,1.49,64.70,0.00,0.00,1.49,64.70,"99,964.07"
200,10/11/2025,TCX,"43,300","43,050","43,350","43,900","43,050","43,546",50,0.12,1.34,58.42,0.00,0.00,1.34,58.42,"100,195.20"
201,07/11/2025,TCX,"43,800","43,500","43,300","44,650","43,000","44,176",-500,-1.14,1.80,79.23,0.28,12.42,2.08,91.65,"100,079.64"
202,06/11/2025,TCX,"44,950","44,700","43,800","45,000","43,500","43,949","-1,150",-2.56,0.98,43.20,0.00,0.00,0.98,43.20,"101,235.29"
203,05/11/2025,TCX,"45,950","45,800","44,950","45,800","43,900","44,719","-1,000",-2.18,0.86,38.46,0.00,0.00,0.86,38.46,"103,893.30"
204,04/11/2025,TCX,"43,400","43,000","45,950","46,000","42,100","43,431","2,550",5.88,2.82,123.19,0.00,0.00,2.82,123.19,"106,204.60"
205,03/11/2025,TCX,"45,250","45,250","43,400","46,000","43,400","44,388","-1,850",-4.09,1.43,63.27,0.00,0.00,1.43,63.27,"100,310.77"
206,31/10/2025,TCX,"45,500","45,500","45,250","46,250","45,000","45,662",-250,-0.55,1.84,83.82,0.86,39.31,2.70,123.13,"104,586.69"
207,30/10/2025,TCX,"45,050","45,000","45,500","45,500","43,800","44,628",450,1.00,1.54,69.04,0.00,0.00,1.54,69.04,"105,164.51"
208,29/10/2025,TCX,"43,900","44,900","45,050","45,050","43,950","44,639","1,150",2.62,1.17,52.18,0.00,0.00,1.17,52.18,"104,124.43"
209,28/10/2025,TCX,"45,650","44,600","43,900","45,000","42,500","43,410","-1,750",-3.83,6.05,262.26,0.08,3.29,6.12,265.55,"101,466.42"
210,27/10/2025,TCX,"46,950","46,850","45,650","46,950","45,550","46,051","-1,300",-2.77,3.54,162.93,4.42,207.67,7.97,370.61,"105,511.21"
211,24/10/2025,TCX,"47,900","47,000","46,950","47,900","46,500","46,739",-950,-1.98,3.74,175.16,0.00,0.00,3.74,175.16,"108,515.91"
212,23/10/2025,TCX,"48,050","47,600","47,900","48,000","46,700","47,211",-150,-0.31,4.96,234.22,0.02,0.95,4.98,235.17,"110,711.65"
213,22/10/2025,TCX,"48,950","49,000","48,050","49,000","47,300","47,949",-900,-1.84,5.85,280.60,0.00,0.00,5.85,280.60,"111,058.35"
214,21/10/2025,TCX,"46,800","49,800","48,950","51,000","48,450","49,725","2,150",4.59,14.67,729.36,0.00,0.00,14.67,729.36,"113,138.53"
