Ticker,Model,MAE,RMSE,MAPE,R2
ACB,ARIMA,1467.1403,1823.8136,6.3015,-0.2918
ACB,GBT,458.9342,614.0713,1.9005,0.8536
ACB,Holt-Winters,1356.9074,1714.9449,5.559,-0.1422
ACB,Linear Regression,266.9165,471.4279,1.1032,0.9137
ACB,Random Forest,418.4099,588.3251,1.7396,0.8656
BID,ARIMA,6913.4259,7436.0779,17.8571,-2.5087
BID,GBT,1106.5292,1467.2544,2.7163,0.8634
BID,Holt-Winters,8962.3454,9581.6839,23.1558,-4.8255
BID,Linear Regression,559.2749,895.7058,1.3654,0.9491
BID,Random Forest,1032.7137,1387.2544,2.5353,0.8779
BSR,ARIMA,4645.7547,5859.7504,19.0236,-0.3983
BSR,GBT,704.7436,1010.7841,3.1523,0.9584
BSR,Holt-Winters,5548.751,7258.2253,21.766,-1.1453
BSR,Linear Regression,571.5272,882.9151,2.4363,0.9683
BSR,Random Forest,702.2573,1011.1628,3.1245,0.9584
CTG,ARIMA,5599.1898,7635.175,12.6313,-0.4526
CTG,GBT,893.4196,1303.1747,2.2303,0.9577
CTG,Holt-Winters,5702.2878,7256.7086,13.3902,-0.3122
CTG,Linear Regression,524.8562,1067.7861,1.3074,0.9716
CTG,Random Forest,846.2061,1271.6533,2.0966,0.9597
FPT,ARIMA,31595.641,37428.6273,35.0829,-1.4108
FPT,GBT,3019.3548,4253.9223,2.6486,0.9689
FPT,Holt-Winters,40340.2092,48241.1961,44.9898,-3.0049
FPT,Linear Regression,1535.6028,2183.9031,1.4721,0.9918
FPT,Random Forest,2941.2957,4208.0535,2.5785,0.9695
GAS,ARIMA,9413.4259,14520.7578,11.4574,-0.0809
GAS,GBT,2369.4897,3137.1491,3.1837,0.9495
GAS,Holt-Winters,10692.291,16880.7331,12.5927,-0.4607
GAS,Linear Regression,1360.0339,2198.4661,1.7016,0.9752
GAS,Random Forest,2346.5656,3099.7988,3.15,0.9507
GVR,ARIMA,3107.7912,3885.4236,10.1085,-0.0035
GVR,GBT,801.8056,1070.8854,2.5403,0.9238
GVR,Holt-Winters,3902.8781,4628.1485,13.4107,-0.4239
GVR,Linear Regression,662.544,912.2306,2.1026,0.9447
GVR,Random Forest,768.2069,1060.2468,2.4357,0.9253
HDB,ARIMA,3508.8096,4084.0055,12.9557,-0.391
HDB,GBT,573.6086,799.3494,2.1716,0.9467
HDB,Holt-Winters,4132.4512,4724.9067,15.1263,-0.8619
HDB,Linear Regression,413.0509,691.3831,1.5508,0.9601
HDB,Random Forest,539.2836,776.6286,2.0459,0.9497
HPG,ARIMA,1461.1111,2114.1471,6.0154,-0.1486
HPG,GBT,518.4794,695.6155,1.9924,0.8757
HPG,Holt-Winters,2011.5648,2549.0661,7.4828,-0.6698
HPG,Linear Regression,346.1561,531.2508,1.3341,0.9275
HPG,Random Forest,454.4759,640.4049,1.7481,0.8946
LPB,ARIMA,8729.007,11005.8207,18.6161,-1.0968
LPB,GBT,1126.8961,1487.7023,2.6008,0.9617
LPB,Holt-Winters,3851.8764,4524.7702,9.6198,0.6456
LPB,Linear Regression,670.7157,930.5351,1.5754,0.985
LPB,Random Forest,1033.7272,1405.6951,2.3775,0.9658
MBB,ARIMA,1723.4647,2178.1267,6.7627,-0.1937
MBB,GBT,481.0628,719.287,1.9307,0.8698
MBB,Holt-Winters,1850.7401,2303.2359,7.2179,-0.3347
MBB,Linear Regression,334.0915,600.1909,1.3341,0.9094
MBB,Random Forest,450.4779,692.576,1.8169,0.8793
MCH,ARIMA,136320.8298,149025.9664,99.3428,-15.1593
MCH,GBT,9784.4542,13978.2034,5.8214,0.8578
MCH,Holt-Winters,146562.7707,160506.3567,106.5755,-17.7449
MCH,Linear Regression,2410.9327,5105.5615,1.5559,0.981
MCH,Random Forest,7133.4944,10359.9638,4.479,0.9219
MSN,ARIMA,5722.5858,6800.0292,7.96,-0.0078
MSN,GBT,1797.1321,2235.5417,2.5195,0.8911
MSN,Holt-Winters,6549.7607,7655.5038,8.9122,-0.2773
MSN,Linear Regression,938.2062,1379.3378,1.2903,0.9585
MSN,Random Forest,1740.1811,2178.2159,2.4242,0.8966
MWG,ARIMA,13500.3472,16473.8982,17.0463,-1.3911
MWG,GBT,1926.8563,2449.7948,2.7318,0.9471
MWG,Holt-Winters,21873.2287,26107.3444,27.7355,-5.0052
MWG,Linear Regression,1100.7043,1550.208,1.5034,0.9788
MWG,Random Forest,1839.436,2371.298,2.6217,0.9505
SAB,ARIMA,7758.562,8293.0339,16.4229,-5.9408
SAB,GBT,1293.2227,1593.9418,2.6671,0.7436
SAB,Holt-Winters,18144.941,22329.2175,38.339,-49.3185
SAB,Linear Regression,529.7568,833.631,1.0976,0.9299
SAB,Random Forest,1264.636,1558.3998,2.6081,0.7549
SHB,ARIMA,3865.2917,4572.7419,25.0623,-2.3987
SHB,GBT,538.57,669.7626,3.9761,0.9271
SHB,Holt-Winters,3757.5324,4468.5646,24.3177,-2.2456
SHB,Linear Regression,206.9873,319.9953,1.4244,0.9834
SHB,Random Forest,523.5278,662.2129,3.9015,0.9287
SSB,ARIMA,3785.2073,4110.1256,22.9209,-4.8189
SSB,GBT,581.3353,728.4084,3.4428,0.8172
SSB,Holt-Winters,5109.3787,5612.8931,31.0169,-9.8519
SSB,Linear Regression,210.7875,380.0432,1.1867,0.9502
SSB,Random Forest,467.9024,632.9632,2.7762,0.862
SSI,ARIMA,4991.088,6895.8451,15.2542,-0.7181
SSI,GBT,605.872,829.2127,2.0898,0.9752
SSI,Holt-Winters,5381.8624,7293.186,16.4774,-0.9218
SSI,Linear Regression,494.9878,732.4087,1.6946,0.9806
SSI,Random Forest,595.6416,829.9421,2.0594,0.9751
STB,ARIMA,20665.3786,24290.1963,34.6573,-2.6155
STB,GBT,1470.2585,1911.9184,2.7565,0.9776
STB,Holt-Winters,18139.3339,21404.7416,30.355,-1.8075
STB,Linear Regression,853.4754,1250.9735,1.5568,0.9904
STB,Random Forest,1362.4885,1801.1285,2.541,0.9801
TCB,ARIMA,8001.531,9011.5124,23.4373,-3.5653
TCB,GBT,742.3584,950.0721,2.2565,0.9493
TCB,Holt-Winters,15094.3017,16566.3941,44.9852,-14.4286
TCB,Linear Regression,467.4532,654.3669,1.4374,0.9759
TCB,Random Forest,692.4583,906.517,2.109,0.9538
TCX,ARIMA,3331.3953,3754.1527,8.3001,-2.9077
TCX,GBT,948.9849,1249.1476,2.3352,0.5674
TCX,Holt-Winters,2759.0559,3144.7329,6.8795,-1.742
TCX,Linear Regression,680.2897,856.8399,1.6602,0.7964
TCX,Random Forest,927.1798,1223.214,2.2832,0.5851
VCB,ARIMA,28455.787,30810.7105,47.0078,-5.7068
VCB,GBT,1958.9023,2847.3468,3.1115,0.9427
VCB,Holt-Winters,33496.5335,36218.2518,55.2443,-8.2676
VCB,Linear Regression,743.2989,1786.1493,1.1534,0.9775
VCB,Random Forest,1886.3635,2803.9864,2.998,0.9445
VHM,ARIMA,55428.6929,65483.5078,50.2947,-2.468
VHM,GBT,3990.0234,6335.8352,3.8779,0.9675
VHM,Holt-Winters,64003.4813,75087.3977,58.4461,-3.5598
VHM,Linear Regression,2508.5894,5095.9157,2.4648,0.979
VHM,Random Forest,3730.0158,6184.4558,3.7482,0.9691
VIB,ARIMA,1565.5309,1933.5575,9.0415,-0.1023
VIB,GBT,467.6844,571.3211,2.6424,0.9038
VIB,Holt-Winters,1366.6873,1708.961,7.775,0.1389
VIB,Linear Regression,218.0774,337.7659,1.1995,0.9664
VIB,Random Forest,429.8392,541.1963,2.4419,0.9136
VIC,ARIMA,97270.7102,117120.2568,58.8433,-2.2211
VIC,GBT,9597.3936,15234.3023,5.8178,0.9455
VIC,Holt-Winters,101917.7968,122326.4948,61.9844,-2.5139
VIC,Linear Regression,3482.8157,7622.7811,2.3905,0.9864
VIC,Random Forest,7256.5714,11673.8328,4.6208,0.968
VJC,ARIMA,40091.0094,51271.2506,25.33,-0.7926
VJC,GBT,8976.7487,15426.4137,5.6539,0.8377
VJC,Holt-Winters,44187.3907,56610.1835,27.6419,-1.1854
VJC,Linear Regression,2403.1229,4252.0996,1.6383,0.9877
VJC,Random Forest,9436.2632,15420.1415,5.9184,0.8378
VNM,ARIMA,14943.6953,18688.7796,24.2588,-27.063
VNM,GBT,2280.9334,2697.8104,3.7248,0.4152
VNM,Holt-Winters,15102.9304,18874.1556,24.5202,-27.6225
VNM,Linear Regression,726.644,1069.4345,1.1839,0.9081
VNM,Random Forest,2121.2856,2562.8344,3.4678,0.4723
VPB,ARIMA,5980.425,7389.9835,21.5982,-1.2072
VPB,GBT,521.4589,713.0372,2.0688,0.9795
VPB,Holt-Winters,8599.3506,10480.5804,31.0667,-3.4395
VPB,Linear Regression,406.7296,614.9021,1.5541,0.9847
VPB,Random Forest,511.611,715.4071,2.0202,0.9793
VPL,ARIMA,5513.0756,6711.7202,7.0079,-0.1822
VPL,GBT,1537.3237,2007.9768,1.8635,0.8942
VPL,Holt-Winters,8364.5929,10133.8123,10.6576,-1.6951
VPL,Linear Regression,1018.0459,1377.0132,1.2373,0.9502
VPL,Random Forest,1467.1286,1943.1737,1.7908,0.9009
VRE,ARIMA,9208.3333,10780.9551,30.998,-2.2516
VRE,GBT,746.7754,983.5577,2.7153,0.9729
VRE,Holt-Winters,12483.4422,14339.8528,42.4174,-4.7528
VRE,Linear Regression,585.6724,839.0108,2.05,0.9803
VRE,Random Forest,697.5951,939.4062,2.5265,0.9753
